"Guid","Name","SBQQ__MethodName__c","SBQQ__Version__c"
0a4790d4-1ece-43e3-8d7f-ad6823a113dc,a2X3t000003BnMa,SBQQ.RootIdSetterParentSubscriptions,228.7
0c036dfc-7535-42a6-a02a-eadf5754f0d0,a2X3t000003BnMT,SBQQ.SummaryVarRefFieldGenerator,228.7
0d1184a3-164c-409d-a997-83aecb43e38f,a2X3t000003BnMN,SBQQ.InstallProcessorBatchLocalizationIndex,228.7
124986ed-ac30-4f3d-8975-0da0eb92b365,a2X3t000003BnMG,SBQQ.InstallProcessorBatchRegularPrice,228.7
195f5e1e-0e59-4db7-826f-aacc19ab93fa,a2X3t000003BnMX,SBQQ.CustomActionRefFieldGenerator,228.7
1b4eb810-f566-467f-b581-491775f7641d,a2X3t000003BnML,SBQQ.InstallProcessorBatchRequiredByAsset,228.7
25aba47a-cb36-4f8b-b4ac-43c3f38e3125,a2X3t000003BnMc,SBQQ.RootIdSetterChildSubscriptions,228.7
311233bf-3461-4791-8a56-aaec3c0c1ed1,a2X3t000003BnMC,viewPricingGuidanceLineAction,228.7
4cb417a8-9946-4797-b431-74c3f7751d39,a2X3t000003BnME,enableFlagToPreventBackdatedAmendments,228.7
5b8eeb79-d096-4a7d-893f-a1704bfa4134,a2X3t000003BnMB,createAmendSubscriptionsCustomQleAction,228.7
5c05e875-d1a9-4f05-a804-bfa83593b609,a2X3t000003BnMM,SBQQ.ReferencedFieldRemover,228.7
611af4d3-a1ff-4c4f-af2e-3db341b3f7eb,a2X3t000003BnMH,SBQQ.InstallProcessorBatchQuantityEditable,228.7
623ef95b-687c-4fed-9e8c-12941766657b,a2X3t000003BnMF,createAddRecommendedProductsAction,228.7
6d4035de-0cae-4b84-92ac-38f8fd954840,a2X3t000003BnMV,SBQQ.PriceRuleRefFieldGenerator,228.7
823a96db-61f3-4b76-a027-af00b94407c7,a2X3t000003BnMU,SBQQ.ProductRuleRefFieldGenerator,228.7
82753947-f70c-4848-a0ae-f10dab683199,a2X3t000003BnMK,SBQQ.InstallProcessorBatchQLIPriceBookEntry,228.7
b9cd2f0a-45ae-4f81-b333-a730b48682d0,a2X3t000003BnMZ,SBQQ.BatchableConfigAttrReferencedFieldUtil,228.7
c3765a07-8add-4e17-92ff-14d54c2b7a78,a2X3t000003BnMJ,SBQQ.BatchablePluginTranspileUtil,228.7
c4704680-065d-4b02-94a5-12d7c18b7dd0,a2X3t000003BnMD,createConfiguratorEditRulesAction,228.7
cb85da07-1145-4296-bc71-62b94bdd66e9,a2X3t000003BnMW,SBQQ.InstallProcessorBatchHasCS,228.7
cc617e39-d330-447c-b81d-def6a47e197f,a2X3t000003BnMS,updateOIsWithAssetsContractsSubs,228.7
cfc5d147-09c6-43eb-9cc4-4263b28693e9,a2X3t000003BnMQ,SBQQ.InstallProcessorBatchAssetCombineKey,228.7
da6dc987-7dc9-4789-b25c-3b74ef6d188b,a2X3t000003BnM9,createViewConsumptionScheduleLineAction,228.7
e071179a-d9cf-442b-a2b1-361250766cd8,a2X3t000003BnMR,SBQQ.DiscountScheduleRefFieldGenerator,228.7
e1e86112-22e7-42ef-b4b4-6046b8bfa025,a2X3t000003BnM8,createCustomActionsOnQLE,228.7
e70a5bc7-4113-4f58-a43a-1a35bd78a878,a2X3t000003BnMA,createExternalConfiguratorCustomAction,228.7
ec0c133c-555a-43c4-b5a8-1cf70e3a5815,a2X3t000003BnMY,SBQQ.ProductRefFieldGenerator,228.7
f7adcb52-03da-4933-bb67-b7aee35881fa,a2X3t000003BnMd,SBQQ.RootIdSetterChildAssets,228.7
f9636e98-79d9-4a12-8e2c-34a4e6b890fc,a2X3t000003BnMI,CalculatorReferencedFieldRemover,228.7
fcf0fd07-5049-48c5-a204-2ba50c6789b0,a2X3t000003BnMO,SBQQ.BatchableDSExclusionGenerator,228.7
fcffcf6a-1cec-42e0-91d0-48bd79d72d36,a2X3t000003BnMP,SBQQ.InstallProcessorBatchThemeGenerator,228.7
fd7d82cb-4265-4c79-9a44-a88652a1b2a5,a2X3t000003BnMb,SBQQ.RootIdSetterParentAssets,228.7
